,month,interest,principal,loan balance,total_interest,monthly_payment
0,1.0,1032.92,368.26,185000.0,1032.92,1401.18
1,2.0,963.86,437.32,172631.74,1996.7800000000002,1401.18
2,3.0,950.25,450.93,170194.41999999998,2947.03,1401.18
3,4.0,936.57,464.61,167743.49,3883.6000000000004,1401.18
4,5.0,922.81,478.37,165278.88,4806.41,1401.18
5,6.0,908.97,492.21,162800.51,5715.38,1401.18
6,7.0,895.05,506.13,160308.30000000002,6610.43,1401.18
7,8.0,881.06,520.12,157802.17,7491.49,1401.18
8,9.0,866.99,534.19,155282.05000000002,8358.48,1401.18
9,10.0,852.84,548.34,152747.86000000002,9211.32,1401.18
10,11.0,838.61,562.57,150199.52000000002,10049.93,1401.18
11,12.0,824.31,576.87,147636.95,10874.24,1401.18
12,13.0,809.92,591.26,145060.08000000002,11684.16,1401.18
13,14.0,795.45,605.73,142468.82,12479.61,1401.18
14,15.0,780.9,620.28,139863.09,13260.51,1401.18
15,16.0,766.27,634.91,137242.81,14026.78,1401.18
16,17.0,751.56,649.62,134607.9,14778.34,1401.18
17,18.0,736.77,664.41,131958.28,15515.11,1401.18
18,19.0,721.89,679.29,129293.87,16237.0,1401.18
19,20.0,706.93,694.25,126614.58,16943.93,1401.18
20,21.0,691.89,709.29,123920.33,17635.82,1401.18
21,22.0,676.76,724.42,121211.04000000001,18312.579999999998,1401.18
22,23.0,661.55,739.63,118486.62000000001,18974.129999999997,1401.18
23,24.0,646.25,754.93,115746.99,19620.379999999997,1401.18
24,25.0,630.87,770.31,112992.06000000001,20251.249999999996,1401.18
25,26.0,615.4,785.78,110221.75000000001,20866.649999999998,1401.18
26,27.0,599.85,801.33,107435.97000000002,21466.499999999996,1401.18
27,28.0,584.21,816.97,104634.64000000001,22050.709999999995,1401.18
28,29.0,568.48,832.7,101817.67000000001,22619.189999999995,1401.18
29,30.0,552.67,848.51,98984.97000000002,23171.859999999993,1401.18
30,31.0,536.76,864.42,96136.46000000002,23708.61999999999,1401.18
31,32.0,520.77,880.41,93272.04000000002,24229.389999999992,1401.18
32,33.0,504.69,896.49,90391.63000000002,24734.07999999999,1401.18
33,34.0,488.51,912.67,87495.14000000001,25222.58999999999,1401.18
34,35.0,472.25,928.93,84582.47000000002,25694.83999999999,1401.18
35,36.0,455.9,945.28,81653.54000000002,26150.73999999999,1401.18
36,37.0,439.45,961.73,78708.26000000002,26590.18999999999,1401.18
37,38.0,422.92,978.26,75746.53000000003,27013.10999999999,1401.18
38,39.0,406.29,994.89,72768.27000000003,27419.39999999999,1401.18
39,40.0,389.57,1011.61,69773.38000000003,27808.96999999999,1401.18
40,41.0,372.75,1028.43,66761.77000000003,28181.71999999999,1401.18
41,42.0,355.84,1045.34,63733.34000000004,28537.55999999999,1401.18
42,43.0,338.84,1062.34,60688.000000000044,28876.39999999999,1401.18
43,44.0,321.74,1079.44,57625.66000000005,29198.139999999992,1401.18
44,45.0,304.55,1096.63,54546.220000000045,29502.68999999999,1401.18
45,46.0,287.26,1113.92,51449.59000000005,29789.94999999999,1401.18
46,47.0,269.87,1131.31,48335.67000000005,30059.81999999999,1401.18
47,48.0,252.39,1148.79,45204.36000000005,30312.20999999999,1401.18
48,49.0,234.81,1166.37,42055.57000000005,30547.01999999999,1401.18
49,50.0,217.13,1184.05,38889.20000000005,30764.14999999999,1401.18
50,51.0,199.35,1201.83,35705.150000000045,30963.49999999999,1401.18
51,52.0,181.48,1219.7,32503.320000000043,31144.97999999999,1401.18
52,53.0,163.5,1237.68,29283.620000000043,31308.47999999999,1401.18
53,54.0,145.42,1255.76,26045.940000000042,31453.899999999987,1401.18
54,55.0,127.25,1273.93,22790.180000000044,31581.149999999987,1401.18
55,56.0,108.97,1292.21,19516.250000000044,31690.119999999988,1401.18
56,57.0,90.58,1310.6,16224.040000000045,31780.69999999999,1401.18
57,58.0,72.1,1329.08,12913.440000000044,31852.79999999999,1401.18
58,59.0,53.51,1347.67,9584.360000000044,31906.309999999987,1401.18
59,60.0,34.82,1366.36,6236.690000000044,31941.129999999986,1401.18
60,61.0,16.03,1385.15,2870.3300000000445,31957.159999999985,1401.18
61,62.0,0.0,0.0,0.0,0.0,1401.18
62,63.0,0.0,0.0,0.0,0.0,1401.18
63,64.0,0.0,0.0,0.0,0.0,1401.18
64,65.0,0.0,0.0,0.0,0.0,1401.18
65,66.0,0.0,0.0,0.0,0.0,1401.18
66,67.0,0.0,0.0,0.0,0.0,1401.18
67,68.0,0.0,0.0,0.0,0.0,1401.18
68,69.0,0.0,0.0,0.0,0.0,1401.18
69,70.0,0.0,0.0,0.0,0.0,1401.18
70,71.0,0.0,0.0,0.0,0.0,1401.18
71,72.0,0.0,0.0,0.0,0.0,1401.18
72,73.0,0.0,0.0,0.0,0.0,1401.18
73,74.0,0.0,0.0,0.0,0.0,1401.18
74,75.0,0.0,0.0,0.0,0.0,1401.18
75,76.0,0.0,0.0,0.0,0.0,1401.18
76,77.0,0.0,0.0,0.0,0.0,1401.18
77,78.0,0.0,0.0,0.0,0.0,1401.18
78,79.0,0.0,0.0,0.0,0.0,1401.18
79,80.0,0.0,0.0,0.0,0.0,1401.18
80,81.0,0.0,0.0,0.0,0.0,1401.18
81,82.0,0.0,0.0,0.0,0.0,1401.18
82,83.0,0.0,0.0,0.0,0.0,1401.18
83,84.0,0.0,0.0,0.0,0.0,1401.18
84,85.0,0.0,0.0,0.0,0.0,1401.18
85,86.0,0.0,0.0,0.0,0.0,1401.18
86,87.0,0.0,0.0,0.0,0.0,1401.18
87,88.0,0.0,0.0,0.0,0.0,1401.18
88,89.0,0.0,0.0,0.0,0.0,1401.18
89,90.0,0.0,0.0,0.0,0.0,1401.18
90,91.0,0.0,0.0,0.0,0.0,1401.18
91,92.0,0.0,0.0,0.0,0.0,1401.18
92,93.0,0.0,0.0,0.0,0.0,1401.18
93,94.0,0.0,0.0,0.0,0.0,1401.18
94,95.0,0.0,0.0,0.0,0.0,1401.18
95,96.0,0.0,0.0,0.0,0.0,1401.18
96,97.0,0.0,0.0,0.0,0.0,1401.18
97,98.0,0.0,0.0,0.0,0.0,1401.18
98,99.0,0.0,0.0,0.0,0.0,1401.18
99,100.0,0.0,0.0,0.0,0.0,1401.18
100,101.0,0.0,0.0,0.0,0.0,1401.18
101,102.0,0.0,0.0,0.0,0.0,1401.18
102,103.0,0.0,0.0,0.0,0.0,1401.18
103,104.0,0.0,0.0,0.0,0.0,1401.18
104,105.0,0.0,0.0,0.0,0.0,1401.18
105,106.0,0.0,0.0,0.0,0.0,1401.18
106,107.0,0.0,0.0,0.0,0.0,1401.18
107,108.0,0.0,0.0,0.0,0.0,1401.18
108,109.0,0.0,0.0,0.0,0.0,1401.18
109,110.0,0.0,0.0,0.0,0.0,1401.18
110,111.0,0.0,0.0,0.0,0.0,1401.18
111,112.0,0.0,0.0,0.0,0.0,1401.18
112,113.0,0.0,0.0,0.0,0.0,1401.18
113,114.0,0.0,0.0,0.0,0.0,1401.18
114,115.0,0.0,0.0,0.0,0.0,1401.18
115,116.0,0.0,0.0,0.0,0.0,1401.18
116,117.0,0.0,0.0,0.0,0.0,1401.18
117,118.0,0.0,0.0,0.0,0.0,1401.18
118,119.0,0.0,0.0,0.0,0.0,1401.18
119,120.0,0.0,0.0,0.0,0.0,1401.18
120,121.0,0.0,0.0,0.0,0.0,1401.18
121,122.0,0.0,0.0,0.0,0.0,1401.18
122,123.0,0.0,0.0,0.0,0.0,1401.18
123,124.0,0.0,0.0,0.0,0.0,1401.18
124,125.0,0.0,0.0,0.0,0.0,1401.18
125,126.0,0.0,0.0,0.0,0.0,1401.18
126,127.0,0.0,0.0,0.0,0.0,1401.18
127,128.0,0.0,0.0,0.0,0.0,1401.18
128,129.0,0.0,0.0,0.0,0.0,1401.18
129,130.0,0.0,0.0,0.0,0.0,1401.18
130,131.0,0.0,0.0,0.0,0.0,1401.18
131,132.0,0.0,0.0,0.0,0.0,1401.18
132,133.0,0.0,0.0,0.0,0.0,1401.18
133,134.0,0.0,0.0,0.0,0.0,1401.18
134,135.0,0.0,0.0,0.0,0.0,1401.18
135,136.0,0.0,0.0,0.0,0.0,1401.18
136,137.0,0.0,0.0,0.0,0.0,1401.18
137,138.0,0.0,0.0,0.0,0.0,1401.18
138,139.0,0.0,0.0,0.0,0.0,1401.18
139,140.0,0.0,0.0,0.0,0.0,1401.18
140,141.0,0.0,0.0,0.0,0.0,1401.18
141,142.0,0.0,0.0,0.0,0.0,1401.18
142,143.0,0.0,0.0,0.0,0.0,1401.18
143,144.0,0.0,0.0,0.0,0.0,1401.18
144,145.0,0.0,0.0,0.0,0.0,1401.18
145,146.0,0.0,0.0,0.0,0.0,1401.18
146,147.0,0.0,0.0,0.0,0.0,1401.18
147,148.0,0.0,0.0,0.0,0.0,1401.18
148,149.0,0.0,0.0,0.0,0.0,1401.18
149,150.0,0.0,0.0,0.0,0.0,1401.18
150,151.0,0.0,0.0,0.0,0.0,1401.18
151,152.0,0.0,0.0,0.0,0.0,1401.18
152,153.0,0.0,0.0,0.0,0.0,1401.18
153,154.0,0.0,0.0,0.0,0.0,1401.18
154,155.0,0.0,0.0,0.0,0.0,1401.18
155,156.0,0.0,0.0,0.0,0.0,1401.18
156,157.0,0.0,0.0,0.0,0.0,1401.18
157,158.0,0.0,0.0,0.0,0.0,1401.18
158,159.0,0.0,0.0,0.0,0.0,1401.18
159,160.0,0.0,0.0,0.0,0.0,1401.18
160,161.0,0.0,0.0,0.0,0.0,1401.18
161,162.0,0.0,0.0,0.0,0.0,1401.18
162,163.0,0.0,0.0,0.0,0.0,1401.18
163,164.0,0.0,0.0,0.0,0.0,1401.18
164,165.0,0.0,0.0,0.0,0.0,1401.18
165,166.0,0.0,0.0,0.0,0.0,1401.18
166,167.0,0.0,0.0,0.0,0.0,1401.18
167,168.0,0.0,0.0,0.0,0.0,1401.18
168,169.0,0.0,0.0,0.0,0.0,1401.18
169,170.0,0.0,0.0,0.0,0.0,1401.18
170,171.0,0.0,0.0,0.0,0.0,1401.18
171,172.0,0.0,0.0,0.0,0.0,1401.18
172,173.0,0.0,0.0,0.0,0.0,1401.18
173,174.0,0.0,0.0,0.0,0.0,1401.18
174,175.0,0.0,0.0,0.0,0.0,1401.18
175,176.0,0.0,0.0,0.0,0.0,1401.18
176,177.0,0.0,0.0,0.0,0.0,1401.18
177,178.0,0.0,0.0,0.0,0.0,1401.18
178,179.0,0.0,0.0,0.0,0.0,1401.18
179,180.0,0.0,0.0,0.0,0.0,1401.18
180,181.0,0.0,0.0,0.0,0.0,1401.18
181,182.0,0.0,0.0,0.0,0.0,1401.18
182,183.0,0.0,0.0,0.0,0.0,1401.18
183,184.0,0.0,0.0,0.0,0.0,1401.18
184,185.0,0.0,0.0,0.0,0.0,1401.18
185,186.0,0.0,0.0,0.0,0.0,1401.18
186,187.0,0.0,0.0,0.0,0.0,1401.18
187,188.0,0.0,0.0,0.0,0.0,1401.18
188,189.0,0.0,0.0,0.0,0.0,1401.18
189,190.0,0.0,0.0,0.0,0.0,1401.18
190,191.0,0.0,0.0,0.0,0.0,1401.18
191,192.0,0.0,0.0,0.0,0.0,1401.18
192,193.0,0.0,0.0,0.0,0.0,1401.18
193,194.0,0.0,0.0,0.0,0.0,1401.18
194,195.0,0.0,0.0,0.0,0.0,1401.18
195,196.0,0.0,0.0,0.0,0.0,1401.18
196,197.0,0.0,0.0,0.0,0.0,1401.18
197,198.0,0.0,0.0,0.0,0.0,1401.18
198,199.0,0.0,0.0,0.0,0.0,1401.18
199,200.0,0.0,0.0,0.0,0.0,1401.18
200,201.0,0.0,0.0,0.0,0.0,1401.18
201,202.0,0.0,0.0,0.0,0.0,1401.18
202,203.0,0.0,0.0,0.0,0.0,1401.18
203,204.0,0.0,0.0,0.0,0.0,1401.18
204,205.0,0.0,0.0,0.0,0.0,1401.18
205,206.0,0.0,0.0,0.0,0.0,1401.18
206,207.0,0.0,0.0,0.0,0.0,1401.18
207,208.0,0.0,0.0,0.0,0.0,1401.18
208,209.0,0.0,0.0,0.0,0.0,1401.18
209,210.0,0.0,0.0,0.0,0.0,1401.18
210,211.0,0.0,0.0,0.0,0.0,1401.18
211,212.0,0.0,0.0,0.0,0.0,1401.18
212,213.0,0.0,0.0,0.0,0.0,1401.18
213,214.0,0.0,0.0,0.0,0.0,1401.18
214,215.0,0.0,0.0,0.0,0.0,1401.18
215,216.0,0.0,0.0,0.0,0.0,1401.18
216,217.0,0.0,0.0,0.0,0.0,1401.18
217,218.0,0.0,0.0,0.0,0.0,1401.18
218,219.0,0.0,0.0,0.0,0.0,1401.18
219,220.0,0.0,0.0,0.0,0.0,1401.18
220,221.0,0.0,0.0,0.0,0.0,1401.18
221,222.0,0.0,0.0,0.0,0.0,1401.18
222,223.0,0.0,0.0,0.0,0.0,1401.18
223,224.0,0.0,0.0,0.0,0.0,1401.18
224,225.0,0.0,0.0,0.0,0.0,1401.18
225,226.0,0.0,0.0,0.0,0.0,1401.18
226,227.0,0.0,0.0,0.0,0.0,1401.18
227,228.0,0.0,0.0,0.0,0.0,1401.18
228,229.0,0.0,0.0,0.0,0.0,1401.18
229,230.0,0.0,0.0,0.0,0.0,1401.18
230,231.0,0.0,0.0,0.0,0.0,1401.18
231,232.0,0.0,0.0,0.0,0.0,1401.18
232,233.0,0.0,0.0,0.0,0.0,1401.18
233,234.0,0.0,0.0,0.0,0.0,1401.18
234,235.0,0.0,0.0,0.0,0.0,1401.18
235,236.0,0.0,0.0,0.0,0.0,1401.18
236,237.0,0.0,0.0,0.0,0.0,1401.18
237,238.0,0.0,0.0,0.0,0.0,1401.18
238,239.0,0.0,0.0,0.0,0.0,1401.18
239,240.0,0.0,0.0,0.0,0.0,1401.18
